{"stat.useItem.f25.f25_block":706,"stat.walkOneCm":34210,"stat.craftItem.f25.f25_block":9,"stat.leaveGame":1,"stat.drop.f25.f25_key":1,"stat.pickup.minecraft.grass":1,"stat.pickup.f25.f25_key":1,"stat.drop.f25.f25_block":3,"stat.flyOneCm":102098,"stat.deaths":1,"stat.drop":5,"stat.jump":1139,"stat.playOneMinute":25634,"stat.pickup.f25.f25_block":4,"stat.sneakTime":3585,"stat.crouchOneCm":7149,"stat.timeSinceDeath":13190,"stat.sprintOneCm":25540,"stat.useItem.minecraft.stone_slab2":125,"stat.drop.minecraft.grass":1,"stat.craftingTableInteraction":1}